[
    {
        "name": "fire_dragon",
        "type": "enemy",
        "actions": ["attack", "defense"],
        "attacks": ["fire_breath"],
        "base_hp": 200,
        "base_dodge": 10,
        "base_defense": 10,
        "elements":["beast", "fire"]
    },
    {
        "name": "water_dragon",
        "type": "enemy",
        "actions": ["attack", "defense"],
        "attacks": ["fire_breath"],
        "base_hp": 110,
        "base_dodge": 30,
        "base_defense": 10,
        "elements":["beast", "water"]
    },
    {
        "name": "mini_turret",
        "type": "enemy",
        "actions": ["attack"],
        "attacks": ["shoot"],
        "base_hp": 30,
        "base_defense": 5,
        "elements":["machine"]
    },
    {
        "name": "fungi_folk",
        "type": "friend",
        "actions": ["talk"],
        "dialogue": ["Heya!"],
        "base_hp": 5,
        "elements":["fungi"]
    }
]